<?xml version="1.0" encoding="UTF-8" standalone="yes"?>
<addon id="repository.yoda" name="Yoda Repository" version="1.0.0" provider-name="yoda">
    <extension point="xbmc.addon.repository" name="Yoda Repository">
        <dir minversion="20.0.0">
            <info compressed="false">https://raw.githubusercontent.com/JediMasterYodaa/repository.yoda/master/nexus/zips/addons.xml</info>
            <checksum>https://raw.githubusercontent.com/JediMasterYodaa/repository.yoda/master/nexus/zips/addons.xml.md5</checksum>
            <datadir zip="true">https://raw.githubusercontent.com/JediMasterYodaa/repository.yoda/master/nexus/zips/</datadir>
        </dir>
    </extension>
    <extension point="xbmc.addon.metadata">
        <summary>Yoda Repository for Kodi</summary>
        <description>Repository to stream addon for kodi</description>
        <disclaimer></disclaimer>
        <platform>all</platform>
        <assets>
            <icon>icon.png</icon>
            <fanart>fanart.jpg</fanart>
        </assets>
    </extension>
</addon>
